<configs>
	<insertAfter xpath="/lootcontainers/lootgroup[@name='twitch_T4_Rewards']">
		<lootgroup name="AlcSupplyPerkBooks" count="2">
			<item name="CraftablePartsSchematic" count="1" loot_prob_template="veryLow"/>
			<item name="AlcSkillPoints1" count="1" loot_prob_template="veryLow"/>		
			<item name="AlcSkillPoints2" count="1" loot_prob_template="veryLow"/>		
			<item name="AlcSkillPoints3" count="1" loot_prob_template="veryLow"/>		
			<item name="AlcSkillPoints4" count="1" loot_prob_template="veryLow"/>					
		</lootgroup>
	</insertAfter>
</configs>