<configs>
<remove xpath="/quests/quest[@id='quest_BasicSurvival1']"/>
<append xpath="/quests" >
	
	
	<quest id="quest_BasicSurvival1">
		<property name="group_name_key" value="quest_BasicSurvival"/>
		<property name="name_key" value="quest_BasicSurvival1"/>
		<property name="subtitle_key" value="quest_BasicSurvival1_subtitle"/>
		<property name="description_key" value="quest_BasicSurvival1_description"/>
		<property name="icon" value="ui_game_symbol_map_bed"/>
		<property name="category_key" value="quest"/>
		<property name="difficulty" value="veryeasy"/>
		<property name="offer_key" value="quest_BasicSurvival_offer"/>
		<property name="shareable" value="false"/>

		<action type="ShowTip" value="tutorialTipQuest02"/>
		<action type="TrackQuest"/>

		<objective type="FetchKeep" id="resourceYuccaFibers" value="10" phase="1"/>
		<objective type="Craft">
			<property name="phase" value="2"/>
			<property name="item" value="bedrollBlockVariantHelper"/>
			<property name="count" value="1"/>
		</objective>

		<objective type="BlockPlace" id="bedrollBlockVariantHelper" value="1" phase="2"/>

		<reward type="Exp" value="50"/>
		<reward type="Quest" id="Alcatraz Starter Bicycle"/>
		<reward type="Quest" id="quest_BasicSurvival2"/>
	</quest>
	
	<quest id="Alcatraz Starter Bicycle">
		<property name="group_name_key" value="Alcatraz Starter Bicycle"/>
		<property name="name_key" value="Alcatraz Starter Bicycle"/>
		<property name="subtitle_key" value="Alcatraz Starter Bicycle"/>
		<property name="description_key" value="Alcatraz Starter Bicycle"/>
		<property name="icon" value="ui_game_symbol_map_bed"/>
		<property name="category_key" value="quest"/>
		<property name="difficulty" value="veryeasy"/>
		<property name="offer_key" value="quest_BasicSurvival_offer"/>
		<property name="shareable" value="false"/>
		
		<reward type="Exp" value="500"/>
		<reward type="Item" id="vehicleMinibikePlaceable"/>
		<reward type="Item" id="ammoGasCan" value="250"/>
	</quest>

	<quest id="alcatrazskillpoints1">
		<property name="name_key" value="AlcSkillPoints1" />
		<property name="subtitle_key" value="Alcatraz Skill Points 1" />
		<property name="description_key" value="Gave myself 1 skill point." />
		<property name="icon" value="ui_game_symbol_knife" />
		<property name="repeatable" value="true" />
		<property name="category_key" value="challenge" />
		<property name="offer_key" value="Give yourself 1 skill point." />
		<property name="difficulty" value="easy" />
		<reward type="SkillPoints" value="1" />
	</quest>

	<quest id="alcatrazskillpoints2">
		<property name="name_key" value="AlcSkillPoints2" />
		<property name="subtitle_key" value="Alcatraz Skill Points 2" />
		<property name="description_key" value="Gave myself 2 skill points." />
		<property name="icon" value="ui_game_symbol_knife" />
		<property name="repeatable" value="true" />
		<property name="category_key" value="challenge" />
		<property name="offer_key" value="Give yourself 2 skill points." />
		<property name="difficulty" value="easy" />
		<reward type="SkillPoints" value="2" />
	</quest>

	<quest id="alcatrazskillpoints3">
		<property name="name_key" value="AlcSkillPoints3" />
		<property name="subtitle_key" value="Alcatraz Skill Points 3" />
		<property name="description_key" value="Gave myself 3 skill points." />
		<property name="icon" value="ui_game_symbol_knife" />
		<property name="repeatable" value="true" />
		<property name="category_key" value="challenge" />
		<property name="offer_key" value="Give yourself 3 skill points." />
		<property name="difficulty" value="easy" />
		<reward type="SkillPoints" value="3" />
	</quest>

	<quest id="alcatrazskillpoints4">
		<property name="name_key" value="AlcSkillPoints4" />
		<property name="subtitle_key" value="Alcatraz Skill Points 4" />
		<property name="description_key" value="Gave myself 4 skill points." />
		<property name="icon" value="ui_game_symbol_knife" />
		<property name="repeatable" value="true" />
		<property name="category_key" value="challenge" />
		<property name="offer_key" value="Give yourself 4 skill points." />
		<property name="difficulty" value="easy" />
		<reward type="SkillPoints" value="4" />
	</quest>

	<quest id="alcatrazskillpoints5">
		<property name="name_key" value="AlcSkillPoints5" />
		<property name="subtitle_key" value="Alcatraz Skill Points 5" />
		<property name="description_key" value="Gave myself 5 skill points." />
		<property name="icon" value="ui_game_symbol_knife" />
		<property name="repeatable" value="true" />
		<property name="category_key" value="challenge" />
		<property name="offer_key" value="Give yourself 5 skill points." />
		<property name="difficulty" value="easy" />
		<reward type="SkillPoints" value="5" />
	</quest>

	<quest id="alcatrazskillpoints6">
		<property name="name_key" value="AlcSkillPoints6" />
		<property name="subtitle_key" value="Alcatraz Skill Points 6" />
		<property name="description_key" value="Gave myself 6 skill points." />
		<property name="icon" value="ui_game_symbol_knife" />
		<property name="repeatable" value="true" />
		<property name="category_key" value="challenge" />
		<property name="offer_key" value="Give yourself 6 skill points." />
		<property name="difficulty" value="easy" />
		<reward type="SkillPoints" value="6" />
	</quest>

	<quest id="alcatrazskillpoints7">
		<property name="name_key" value="AlcSkillPoints7" />
		<property name="subtitle_key" value="Alcatraz Skill Points 7" />
		<property name="description_key" value="Gave myself 7 skill points." />
		<property name="icon" value="ui_game_symbol_knife" />
		<property name="repeatable" value="true" />
		<property name="category_key" value="challenge" />
		<property name="offer_key" value="Give yourself 7 skill points." />
		<property name="difficulty" value="easy" />
		<reward type="SkillPoints" value="7" />
	</quest>

</append>
</configs>
