<LtAlex_CraftableMotorToolRecipes>
						 
    <append xpath="/recipes">
	
	<!-- Parts for items with a crafting quality: T3 melee items have parts. T2 and T3 ranged items have parts. -->
	<recipe name="gunBowT1WoodenBowParts" count="1" tooltip="ttScrapMetalBrass" always_unlocked="false" tags="salvageScrap"> <wildcard_forge_category /> </recipe>
	<recipe name="gunHandgunT1PistolParts" count="1" tooltip="ttScrapMetalBrass" always_unlocked="false" tags="salvageScrap"> <wildcard_forge_category /> </recipe>
	<recipe name="gunShotgunT1DoubleBarrelParts" count="1" tooltip="ttScrapMetalBrass" always_unlocked="false" tags="salvageScrap"> <wildcard_forge_category /> </recipe>
	<recipe name="gunRifleT1HuntingRifleParts" count="1" tooltip="ttScrapMetalBrass" always_unlocked="false" tags="salvageScrap"> <wildcard_forge_category /> </recipe>
	<recipe name="gunMGT1AK47Parts" count="1" tooltip="ttScrapMetalBrass" always_unlocked="false" tags="salvageScrap"> <wildcard_forge_category /> </recipe>
	<recipe name="gunExplosivesT3RocketLauncherParts" count="1" tooltip="ttScrapMetalBrass" always_unlocked="false" tags="salvageScrap"> <wildcard_forge_category /> </recipe>
	<recipe name="gunBotRoboticsParts" count="1" tooltip="ttScrapMetalBrass" always_unlocked="false" tags="salvageScrap"> <wildcard_forge_category /> </recipe>
	<recipe name="meleeWpnBatonT2StunBatonParts" count="1" tooltip="ttScrapMetalBrass" always_unlocked="false" tags="salvageScrap"> <wildcard_forge_category /> </recipe>
	<recipe name="meleeWpnKnucklesT3SteelKnucklesParts" count="1" tooltip="ttScrapMetalBrass" always_unlocked="false" tags="salvageScrap"> <wildcard_forge_category /> </recipe>
	<recipe name="meleeToolAxeT3ChainsawParts" count="1" tooltip="ttScrapMetalBrass" always_unlocked="false" tags="salvageScrap"> <wildcard_forge_category /> </recipe>
	<recipe name="meleeWpnBladeT3MacheteParts" count="1" tooltip="ttScrapMetalBrass" always_unlocked="false" tags="salvageScrap"> <wildcard_forge_category /> </recipe>
	<recipe name="meleeWpnSpearT3SteelSpearParts" count="1" tooltip="ttScrapMetalBrass" always_unlocked="false" tags="salvageScrap"> <wildcard_forge_category /> </recipe>
	<recipe name="meleeWpnClubT3SteelClubParts" count="1" tooltip="ttScrapMetalBrass" always_unlocked="false" tags="salvageScrap"> <wildcard_forge_category /> </recipe>
	<recipe name="meleeWpnSledgeT3SteelSledgehammerParts" count="1" tooltip="ttScrapMetalBrass" always_unlocked="false" tags="salvageScrap"> <wildcard_forge_category /> </recipe>
	<recipe name="meleeToolSalvageParts" count="1" tooltip="ttScrapMetalBrass" always_unlocked="false" tags="salvageScrap"> <wildcard_forge_category /> </recipe>
	<recipe name="meleeToolAllSteelParts" count="1" tooltip="ttScrapMetalBrass" always_unlocked="false" tags="salvageScrap"> <wildcard_forge_category /> </recipe>
	<recipe name="armorMilitarySetParts" count="1" tooltip="ttScrapMetalBrass" always_unlocked="false" tags="salvageScrap"> <wildcard_forge_category /> </recipe>
	<recipe name="armorSteelSetParts" count="1" tooltip="ttScrapMetalBrass" always_unlocked="false" tags="salvageScrap"> <wildcard_forge_category /> </recipe>	

   	<recipe name="gunBowT1WoodenBowParts" count="1" craft_time="15" craft_area="workbench" tags="perkArchery,learnable">
     	<ingredient name="resourceWood" count="100"/>
		<ingredient name="resourceMechanicalParts" count="5"/>
		<ingredient name="resourceSpring" count="2"/>
	</recipe>
	
	<recipe name="gunHandgunT1PistolParts" count="1" craft_time="15" craft_area="workbench" tags="perkPistolPeteComplete,learnable">
     	<ingredient name="resourceForgedIron" count="10"/>
		<ingredient name="resourceMechanicalParts" count="10"/>
		<ingredient name="resourceSpring" count="5"/>
	</recipe>
	
	<recipe name="gunShotgunT1DoubleBarrelParts" count="1" craft_time="15" craft_area="workbench" tags="perkShotgunMessiahComplete,learnable">
     	<ingredient name="resourceForgedSteel" count="5"/>
		<ingredient name="resourceForgedIron" count="10"/>
		<ingredient name="resourceMechanicalParts" count="5"/>
		<ingredient name="resourceSpring" count="2"/>
	</recipe>
	
	<recipe name="gunRifleT1HuntingRifleParts" count="1" craft_time="15" craft_area="workbench" tags="perkSniperComplete,learnable">
     	<ingredient name="resourceForgedSteel" count="13"/>
		<ingredient name="resourceMechanicalParts" count="10"/>
		<ingredient name="resourceSpring" count="6"/>
		<ingredient name="resourceOil" count="6"/>
	</recipe>
	
	<recipe name="gunMGT1AK47Parts" count="1" craft_time="15" craft_area="workbench" tags="perkAutoWeaponsComplete,learnable">
     	<ingredient name="resourceForgedSteel" count="10"/>
		<ingredient name="resourceOil" count="10"/>
		<ingredient name="resourceMechanicalParts" count="5"/>
		<ingredient name="resourceSpring" count="2"/>
	</recipe>	
	
	<recipe name="gunExplosivesT3RocketLauncherParts" count="1" craft_time="15" craft_area="workbench" tags="perkAdvancedEngineering,learnable">
     	<ingredient name="resourceForgedSteel" count="20"/>
		<ingredient name="resourceMechanicalParts" count="5"/>
		<ingredient name="resourceSpring" count="2"/>
	</recipe>
	
	<recipe name="gunBotRoboticsParts" count="1" craft_time="15" craft_area="workbench" tags="perkTechJunkie8Complete,learnable">
     	<ingredient name="resourceElectricParts" count="30"/>
		<ingredient name="resourceMechanicalParts" count="30"/>
		<ingredient name="resourceSpring" count="2"/>
	</recipe>
	
	<recipe name="resourceMechanicalParts" count="1" craft_time="15" craft_area="workbench" tags="perkSalvageOperations,learnable">
     	<ingredient name="resourceForgedIron" count="5"/>
		<ingredient name="resourceOil" count="2"/>		
	</recipe>
	<recipe name="resourceElectricParts" count="1" craft_time="15" craft_area="workbench" tags="perkSalvageOperations,learnable">
     	<ingredient name="resourceForgedIron" count="2"/>
		<ingredient name="resourceMechanicalParts" count="2"/>
		<ingredient name="resourceOil" count="2"/>
	</recipe>
	
	<recipe name="meleeWpnBatonT2StunBatonParts" count="1" craft_time="15" craft_area="workbench" tags="perkBoomstick,learnable">
     	<ingredient name="resourceForgedSteel" count="5"/>
		<ingredient name="resourceMechanicalParts" count="3"/>
		<ingredient name="resourceSpring" count="1"/>
	</recipe>
	
	<recipe name="meleeWpnKnucklesT3SteelKnucklesParts" count="1" craft_time="15" craft_area="workbench" tags="perkBoomstick,learnable">
     	<ingredient name="resourceForgedSteel" count="4"/>
		<ingredient name="resourceMechanicalParts" count="6"/>
		<ingredient name="resourceSpring" count="2"/>
	</recipe>
	
	<recipe name="meleeToolAxeT3ChainsawParts" count="1" craft_time="15" craft_area="workbench" tags="perkArtOfMiningComplete,learnable">
     	<ingredient name="resourceForgedSteel" count="20"/>
		<ingredient name="resourceMechanicalParts" count="20"/>
		<ingredient name="resourceSpring" count="4"/>
		<ingredient name="resourceOil" count="4"/>
	</recipe>
	
	<recipe name="meleeWpnBladeT3MacheteParts" count="1" craft_time="15" craft_area="workbench" tags="perkNightStalkerComplete,learnable">
     		<ingredient name="resourceForgedSteel" count="10"/>
		<ingredient name="resourceMechanicalParts" count="5"/>
		<ingredient name="resourceSpring" count="2"/>
	</recipe>
	
	<recipe name="meleeWpnSpearT3SteelSpearParts" count="1" craft_time="15" craft_area="workbench" tags="perkSpearHunter8Complete,learnable">
     		<ingredient name="resourceForgedSteel" count="10"/>
		<ingredient name="resourceMechanicalParts" count="5"/>
		<ingredient name="resourceSpring" count="2"/>
	</recipe>
	
	<recipe name="meleeWpnClubT3SteelClubParts" count="1" craft_time="15" craft_area="workbench" tags="perkBatterUpComplete,learnable">
     		<ingredient name="resourceForgedSteel" count="10"/>
		<ingredient name="resourceMechanicalParts" count="5"/>
		<ingredient name="resourceSpring" count="2"/>
	</recipe>
	
	<recipe name="meleeWpnSledgeT3SteelSledgehammerParts" count="1" craft_time="15" craft_area="workbench" tags="perkBatterUpComplete,learnable">
     		<ingredient name="resourceForgedSteel" count="10"/>
		<ingredient name="resourceMechanicalParts" count="5"/>
		<ingredient name="resourceSpring" count="2"/>
	</recipe>
	
	<recipe name="meleeToolSalvageParts" count="1" craft_time="15" craft_area="workbench" tags="perkAdvancedEngineering,learnable">
     		<ingredient name="resourceForgedSteel" count="10"/>
		<ingredient name="resourceMechanicalParts" count="5"/>
		<ingredient name="resourceSpring" count="2"/>
	</recipe>
	
	<recipe name="meleeToolAllSteelParts" count="1" craft_time="15" craft_area="workbench" tags="perkAdvancedEngineering,learnable">
     		<ingredient name="resourceForgedSteel" count="10"/>
		<ingredient name="resourceMechanicalParts" count="5"/>
		<ingredient name="resourceSpring" count="2"/>
	</recipe>
	
	<recipe name="armorMilitarySetParts" count="1" craft_time="15" craft_area="workbench" tags="perkNeedleAndThreadComplete,learnable">
     		<ingredient name="resourceForgedSteel" count="10"/>
		<ingredient name="resourceMechanicalParts" count="5"/>
		<ingredient name="resourceMilitaryFiber" count="2"/>
	</recipe>
	
	<recipe name="armorSteelSetParts" count="1" craft_time="15" craft_area="workbench" tags="perkNeedleAndThreadComplete,learnable">
     		<ingredient name="resourceForgedSteel" count="10"/>
		<ingredient name="resourceMechanicalParts" count="5"/>
		<ingredient name="resourceMilitaryFiber" count="2"/>
	</recipe>
	</append>
    
</LtAlex_CraftableMotorToolRecipes>