<ZMXhudCP name="XUi/windows.xml">

<!--	// SMX // Target Frame -->

		<remove xpath="/windows/window[@name='windowTargetBar']" />

		<append xpath="/windows">
			<window name="windowTargetBar" controller="TargetBar" visibility="never">
				<rect name="smxhud_targetframe_normal_content" pos="0,-120" size="420,80" visible="{isnotboss}">
					<sprite name="border" depth="1" pos="0,0" width="400" height="50" sprite="smxhud_targetframe_background" pivot="center" color="[smxhud_element_background]" globalopacitymod="1.8" />

					<sprite name="smxhud_targetframe_frameseparator" depth="5" pos="0,7" width="375" height="3" sprite="smxlib_separation_line_1" pivot="center" rotation="0" color="[smxhud_unitframe_separation]" globalopacitymod="1.8" />
					<sprite name="smxhud_targetframe_frameseparator" depth="5" pos="0,-17" width="325" height="3" sprite="smxlib_separation_line_1" pivot="center" rotation="0" color="[smxhud_unitframe_separation]" globalopacitymod="1.8" />

					<sprite name="background" depth="2" pos="100,-5" width="200" height="20" sprite="smxhud_targetframe_healthbar_fill" pivot="center" color="[smxhud_element_background]" globalopacitymod="1.2" />
					<sprite name="background" depth="2" pos="-100,-5" width="200" height="20" sprite="smxhud_targetframe_healthbar_fill" pivot="center" flip="horizontally" color="[smxhud_element_background]" globalopacitymod="1.2" />

					<filledsprite name="BarContent" depth="3" pos="99,-5" width="200" height="20" sprite="smxhud_targetframe_healthbar_fill" type="filled" fill="{fill}" pivot="center" color="[smxhud_targetframe_health_bar]" globalopacitymod="1.2" />
					<filledsprite name="BarContent" depth="3" pos="-99,-5" width="200" height="20" sprite="smxhud_targetframe_healthbar_fill" type="filled" fill="{fill}" fillinvert="true" flip="horizontally" pivot="center" color="[smxhud_targetframe_health_bar]" globalopacitymod="1.2" />

					<label name="TextContent" depth="4" pos="0,20" height="30" style="smxcore_label_normal" text="{name}" font_size="22" pivot="center" justify="center" color="[smxhud_element_labelcolor_1]" />
					<label name="TextContent" depth="4" pos="0,-6" height="30" style="smxcore_label_normal" text="{currentwithmax}" font_size="16" pivot="center" justify="center" color="[smxhud_element_labelcolor_1]" />
				</rect>

				<rect name="smxhud_targetframe_boss_content" pos="0,-120" size="420,80" visible="{isboss}">
					<sprite name="border" depth="1" pos="0,0" width="500" height="50" sprite="smxhud_targetframe_background" pivot="center" color="[smxhud_element_background]" globalopacitymod="1.8" />

					<sprite name="smxhud_targetframe_frameseparator" depth="5" pos="0,7" width="475" height="5" sprite="smxlib_separation_line_1" pivot="center" rotation="0" color="[smxhud_unitframe_separation]" globalopacitymod="1.8" />
					<sprite name="smxhud_targetframe_frameseparator" depth="5" pos="0,-17" width="425" height="5" sprite="smxlib_separation_line_1" pivot="center" rotation="0" color="[smxhud_unitframe_separation]" globalopacitymod="1.8" />

					<sprite name="background" depth="2" pos="100,-5" width="250" height="20" sprite="smxhud_targetframe_healthbar_fill" pivot="center" color="[smxhud_element_background]" globalopacitymod="1.2" />
					<sprite name="background" depth="2" pos="-100,-5" width="250" height="20" sprite="smxhud_targetframe_healthbar_fill" pivot="center" flip="horizontally" color="[smxhud_element_background]" globalopacitymod="1.2" />

					<filledsprite name="BarContent" depth="3" pos="124,-5" width="250" height="20" sprite="smxhud_targetframe_healthbar_fill" type="filled" fill="{fill}" pivot="center" color="[smxhud_targetframe_health_bar]" globalopacitymod="1.0" />
					<filledsprite name="BarContent" depth="3" pos="-124,-5" width="250" height="20" sprite="smxhud_targetframe_healthbar_fill" type="filled" fill="{fill}" fillinvert="true" flip="horizontally" pivot="center" color="[smxhud_targetframe_health_bar]" globalopacitymod="1.0" />

					<sprite name="Icon" depth="3" pos="0,-50" size="45,45" sprite="{boss_sprite}" pivot="center" globalopacity="false" />
					<sprite name="smxhud_icon_overlay" depth="4" pos="0,-49" size="45,45" sprite="smxlib_jagged_circle" pivot="center" color="[smxhud_element_background]" globalopacity="false" />

					<label name="MinionCount" depth="5" pos="-20,20" height="30" style="smxcore_label_normal" text="x{minioncount}" font_size="22" pivot="center" justify="right" color="[white]" />
					<sprite name="smxhud_minion_icon" depth="5" pos="160,20" size="20,20" sprite="smxlib_ui_game_symbol_minion" pivot="center" globalopacity="false" />

					<label name="TextContent" depth="4" pos="0,20" height="30" style="smxcore_label_normal" text="{name}" font_size="32" pivot="center" justify="center" upper_case="true" color="[smxhud_element_labelcolor_1]" />
					<label name="TextContent" depth="4" pos="0,-6" height="30" style="smxcore_label_normal" text="{currentwithmax}" font_size="18" pivot="center" justify="center" color="[smxhud_element_labelcolor_1]" />
				</rect>
			</window>
		</append>

</ZMXhudCP>