<ZMXhudCP name="XUi/xui.xml">

<!--	// MODLET:			ZMXhudCP

		// EAC:				Non Friendly, SMX requires EAC to be DISABLED.

		// VERSION:			r20.rc5

		// BUILD:			A20.5

		// DISCLAIMER:		Please be advised that this modlet is intended for use with the build mentioned above. That said it may very well be that
							it can be used with other builds with little to no risk of failure. It all depends on the standard files being updated or not
							and you can verify this by looking at the date of the standard files when an update have occured.

		// MOD DESCRIPTION:	The purpose of this modlet is to ensure that modlets that load AFTER SMXhud will achieve a higher chance for compatibility and get
							patched to fit the SMXhud design. Please note that this modlet is also mandatory for SMXhud to work as I did not want to add
							redundant code and rather have it all handled within this one modlet.

		// DEPENDENCIES:	SMXcore, SMXhud.

		// TERMS OF USE:	1. You are allowed to use this modlet as is for your own personal use and/or on a server you run and/or administrate.

							2. You are under no circumstance allowed to distribute any SMX and/or ZMX branded modlets without written consent from the main developer.

							3. If you wish to distribute SMX and/or ZMX branded modlets as part of your own project and consent have been given you are required
							to do so in such a way so that all the files of the SMX and/or ZMX modlet or modlets in question remain unaltered and you cannot
							under any circumstance claim credit for creating the modlet or modlets or any of the files provided with it/them.

							4. If consent is given you are required to make the changes as a new modlet that injects into the modlet in question and
							keeping load order in mind it is to be named so that it loads AFTER the original modlet. The original modlet shall be distributed
							as is with no change to its files what so ever.

							5. If consent is given it is only given on a case to case basis and those that receive consent cannot pass that consent on to another
							party or project. Nor will the consent pass on to other creators that opt to include consented work into their project.

							6. You are not allowed to use any of the assets bundled with SMX and/or ZMX branded modlets in other projects. This restriction
							applies to all files that the SMX and/or ZMX modlets consist of. EXCEPTION: The content of the Harmony folder is to be considered
							open source and can be used freely as long as the original credit comments within the files are not removed or altered other than
							adding to.

							7. You are required to seek special consent from the main developer should you wish to make changes to any asset files provided with the
							SMX and/or ZMX branded modlets.

							8. You are required to inform the main developer when your project that contains any SMX and/or ZMX modlet or modlets have been made
							available to the public.

		// CREDITS:			Sirillion (main developer/designer/harmony/frontend/backend/author)
							sphereii (developer/harmony/backend), TormentedEmu (developer/harmony/backend), Laydor (developer/harmony/backend)

		// CONTRIBUTORS:	Mumpfy (art)
-->

<!--	// SMX // File Attribute Restore - A20 Values -->

		<!-- SMX COMMENT: These values restore the UI to it's default scale settings to try and override other mods that might set scales that will mess with the UI. -->
		<set xpath="/xui/ruleset/@name">default</set>
		<set xpath="/xui/ruleset[@name='default']/@scale">1.255</set> 						<!-- SMX COMMENT: The scale value with change the size for the entire UI -->
		<!--set xpath="/xui/ruleset[@name='default']/@stackpanel_scale">1.05</set--> 		<!-- SMX COMMENT: The stackpanel_scale will change the size for the windows attached to panels only. -->
		<set xpath="/xui/ruleset[@name='default']/@ignore_missing_class">false</set>


<!--	// SMX // Compass -->

		<set xpath="/xui/ruleset[@name='default']/window_group[@name='compass']">
			<window name="windowCompass" />
			<window name="windowTargetBar" anchor="CenterTop" />
			<window name="onScreenIcons" />
			<window name="smxhudLevelXP" anchor="LeftTop" />
			<window name="smxhudBuffFrame" anchor="CenterBottom" />
		</set>

		<setattribute xpath="/xui//window_group[@name='compass']" name="actionset">false</setattribute>


<!--	// SMX // Toolbelt -->

		<set xpath="/xui/ruleset[@name='default']/window_group[@name='toolbelt']">
			<window name="windowToolbelt" anchor="CenterBottom" />
			<window name="HUDLeftStatBars" anchor="LeftBottom" />
			<!--window name="smxhudBuffFrame" anchor="CenterBottom" /-->
			<window name="HUDRightStatBars" anchor="RightBottom" />
			<window name="windowQuestTracker" anchor="RightTop" />
			<window name="windowGroupBars" anchor="LeftTop" />
		</set>

		<setattribute xpath="/xui//window_group[@name='toolbelt']" name="actionset">false</setattribute>


<!--	// SMX // Death -->

		<set xpath="/xui/ruleset[@name='default']/window_group[@name='death']">
			<window name="windowDeathBar" anchor="CenterBottom" />
		</set>


<!--	// SMX // Interaction Prompt -->

		<set xpath="/xui/ruleset[@name='default']/window_group[@name='interactionPrompt']">
			<window name="interactionPrompt" />
		</set>

		<setattribute xpath="/xui//window_group[@name='interactionPrompt']" name="actionset">false</setattribute>


<!--	// SMX // Focused Block Health -->

		<set xpath="/xui/ruleset[@name='default']/window_group[@name='focusedBlockHealth']">
			<window name="focusedBlockHealth" />
		</set>

		<setattribute xpath="/xui//window_group[@name='focusedBlockHealth']" name="actionset">false</setattribute>


<!--	// SMX // Timer -->

		<set xpath="/xui/ruleset[@name='default']/window_group[@name='timer']">
			<window name="windowTimer" />
		</set>


<!--	// SMX // Throw -->

		<set xpath="/xui/ruleset[@name='default']/window_group[@name='throwpower']">
			<window name="windowThrow" />
		</set>

		<setattribute xpath="/xui//window_group[@name='throwpower']" name="actionset">false</setattribute>


<!--	// SMX // Twitch -->

		<set xpath="/xui/ruleset[@name='default']/window_group[@name='twitch']">
			<window name="windowTwitch" />
		</set>

		<setattribute xpath="/xui//window_group[@name='twitch']" name="actionset">false</setattribute>


<!--	// SMX // Radial -->

		<set xpath="/xui/ruleset[@name='default']/window_group[@name='radial']">
			<window name="windowRadial" />
		</set>

		<setattribute xpath="/xui//window_group[@name='radial']" name="actionset">keyboard</setattribute>
		<setattribute xpath="/xui//window_group[@name='radial']" name="controller">Radial</setattribute>


<!--	// SMX // Chat Output -->

		<set xpath="/xui/ruleset[@name='default']/window_group[@name='chatoutput']">
			<window name="chatoutput" />
		</set>

		<setattribute xpath="/xui//window_group[@name='chatoutput']" name="actionset">false</setattribute>


<!--	// SMX // Chat -->

		<set xpath="/xui/ruleset[@name='default']/window_group[@name='chat']">
			<window name="chat" />
		</set>


<!--	// SMX // In Game Menu (compass close) -->

		<setattribute xpath="/xui//window_group[@name='ingameMenu']" name="close_compass_on_open">true</setattribute>

</ZMXhudCP>