<configs>
	<append xpath="/items/item[@name='meleeToolPickT3Auger']">
		<effect_group tiered="false">
			<!-- <passive_effect name="CraftingTime" operation="base_add" value="0,-120,-240,-360,-480,-600" tier="1,2,3,4,5,6" tags="autominer"/> -->
			<!-- <passive_effect name="CraftingTime" operation="perc_add" value="-0.05,-0.1,-0.15,-0.2,-0.25,-0.3" tier="1,2,3,4,5,6" tags="autominer"/> -->
			<passive_effect name="CraftingTime" operation="perc_add" value="-0.05,-0.1,-0.15,-0.20,-0.25,-0.30" tier="1,2,3,4,5,6" tags="autominer"/>
			<passive_effect name="CraftingTime" operation="base_add" value="-22" tags="autominer"/>
			<passive_effect name="CraftingOutputCount" operation="perc_add" value="0.05,0.10,0.15,0.20,0.25,0.30" tier="1,2,3,4,5,6" tags="autominer,recipetag"/>
			<passive_effect name="CraftingOutputCount" operation="perc_add" value="-0.09,-0.08,-0.07,-0.05,-0.03,-0.01" tier="1,2,3,4,5,6" tags="desert"/>
		</effect_group>
	</append>
	<append xpath="/items/item[@name='gunBotT1JunkSledge']">
		<effect_group tiered="false">
			<!-- <passive_effect name="CraftingTime" operation="base_add" value="0,-120,-240,-360,-480,-600" tier="1,2,3,4,5,6" tags="autominer"/> -->
			<!-- <passive_effect name="CraftingTime" operation="perc_add" value="-0.05,-0.1,-0.15,-0.2,-0.25,-0.3" tier="1,2,3,4,5,6" tags="autominer"/> -->
			<passive_effect name="CraftingTime" operation="perc_add" value="-0.01,-0.04,-0.07,-0.1,-0.13,-0.16" tier="1,2,3,4,5,6" tags="autominer"/>
			<passive_effect name="CraftingTime" operation="base_add" value="-69" tags="autominer"/>
			<passive_effect name="CraftingOutputCount" operation="perc_add" value="0.05,0.1,0.13,0.17,0.2,0.23" tier="1,2,3,4,5,6" tags="autominer,recipetag"/>
			<passive_effect name="CraftingOutputCount" operation="perc_add" value="-0.09,-0.08,-0.07,-0.05,-0.03,-0.01" tier="1,2,3,4,5,6" tags="desert"/>
		</effect_group>
	</append>
	<append xpath="/items/item[@name='gunBotT3JunkDrone']">
		<effect_group tiered="false">
			<!-- <passive_effect name="CraftingTime" operation="base_add" value="0,-120,-240,-360,-480,-600" tier="1,2,3,4,5,6" tags="autominer"/> -->
			<passive_effect name="CraftingTime" operation="perc_add" value="-0.09,-0.19,-0.29,-0.39,-0.49,-0.59" tier="1,2,3,4,5,6" tags="autominer"/>
			<passive_effect name="CraftingTime" operation="base_add" value="-69" tags="autominer"/>
			<passive_effect name="CraftingOutputCount" operation="perc_add" value="0.09,0.19,0.29,0.39,0.49,0.59" tier="1,2,3,4,5,6" tags="autominer,recipetag"/>
			<passive_effect name="CraftingOutputCount" operation="perc_add" value="-0.09,-0.08,-0.07,-0.05,-0.03,-0.01" tier="1,2,3,4,5,6" tags="desert"/>
		</effect_group>
	</append>
	<append xpath="/items/item[@name='resourceOilShale']">
		<property name="Tags" value="desert"/>
	</append>
	
	<append xpath="/items/item[@name='resourceOilShale']/property[@name='Group']/@value">,Desert</append>
	<append xpath="/items/item[@name='resourceClayLump']/property[@name='Group']/@value">,Construction</append>
	<append xpath="/items/item[@name='resourceScrapBrass']/property[@name='Group']/@value">,AmmoMaking</append>
	<append xpath="/items/item[@name='resourceCoal']/property[@name='Group']/@value">,AmmoMaking</append>
	<append xpath="/items/item[@name='resourceScrapIron']/property[@name='Group']/@value">,Construction</append>
	<append xpath="/items/item[@name='resourceScrapLead']/property[@name='Group']/@value">,AmmoMaking</append>
	<append xpath="/items/item[@name='resourceRockSmall']/property[@name='Group']/@value">,Construction</append>
	<append xpath="/items/item[@name='resourcePotassiumNitratePowder']/property[@name='Group']/@value">,AmmoMaking</append>

</configs>