<configs>
	<append xpath="/recipes">
		<recipe name="resourceOilShale" count="5" craft_area="AutoMiner" craft_time="1366" tags="autominer,recipetag,perkAdvancedEngineering,desert" craft_tool="meleeToolPickT3Auger">
			<ingredient name="ammoGasCan" count="100"/>
			<effect_group><passive_effect name="CraftingOutputCount" operation="perc_add" value="0.1" tags="autominer,recipetag,desert,perkAdvancedEngineering"/></effect_group>
			<!-- <effect_group><passive_effect name="CraftingOutputCount" operation="base_add" value="@currrentPlayerLevel" tags="recipetag"/></effect_group> -->
		</recipe>
		<recipe name="resourceClayLump" count="72" craft_area="AutoMiner" craft_time="1366" tags="autominer,recipetag,perkAdvancedEngineering" craft_tool="meleeToolPickT3Auger">
			<ingredient name="ammoGasCan" count="100"/>
			<effect_group><passive_effect name="CraftingOutputCount" operation="perc_add" value="0.1" tags="recipetag"/></effect_group>
		</recipe>
		<recipe name="resourceScrapBrass" count="72" craft_area="AutoMiner" craft_time="1366" tags="autominer,recipetag,perkAdvancedEngineering" craft_tool="meleeToolPickT3Auger">
			<ingredient name="ammoGasCan" count="100"/>
			<effect_group><passive_effect name="CraftingOutputCount" operation="perc_add" value="0.1" tags="recipetag"/></effect_group>
		</recipe>
		<recipe name="resourceCoal" count="68" craft_area="AutoMiner" craft_time="1366" tags="autominer,recipetag,perkAdvancedEngineering" craft_tool="meleeToolPickT3Auger">
			<ingredient name="ammoGasCan" count="100"/>
			<effect_group><passive_effect name="CraftingOutputCount" operation="perc_add" value="0.1" tags="recipetag"/></effect_group>
		</recipe>
		<recipe name="resourceScrapIron" count="72" craft_area="AutoMiner" craft_time="1366" tags="autominer,recipetag,perkAdvancedEngineering" craft_tool="meleeToolPickT3Auger">
			<ingredient name="ammoGasCan" count="100"/>
			<effect_group><passive_effect name="CraftingOutputCount" operation="perc_add" value="0.1" tags="recipetag"/></effect_group>
		</recipe>
		<recipe name="resourceScrapLead" count="72" craft_area="AutoMiner" craft_time="1366" tags="autominer,recipetag,perkAdvancedEngineering" craft_tool="meleeToolPickT3Auger">
			<ingredient name="ammoGasCan" count="100"/>
			<effect_group><passive_effect name="CraftingOutputCount" operation="perc_add" value="0.1" tags="recipetag"/></effect_group>
		</recipe>
		<recipe name="resourceRockSmall" count="72" craft_area="AutoMiner" craft_time="1366" tags="autominer,recipetag,perkAdvancedEngineering" craft_tool="meleeToolPickT3Auger">
			<ingredient name="ammoGasCan" count="100"/>
			<effect_group><passive_effect name="CraftingOutputCount" operation="perc_add" value="0.1" tags="autominer,recipetag,perkAdvancedEngineering"/></effect_group>
		</recipe>
		<recipe name="resourcePotassiumNitratePowder" count="72" craft_time="1366" craft_area="AutoMiner" tags="autominer,recipetag,perkAdvancedEngineering" craft_tool="meleeToolPickT3Auger">
			<ingredient name="ammoGasCan" count="100"/>
			<effect_group><passive_effect name="CraftingOutputCount" operation="perc_add" value="0.1" tags="autominer,recipetag,perkAdvancedEngineering"/></effect_group>
		</recipe>
		<recipe name="resourceOilShale" count="56" craft_area="AutoMiner" craft_time="6660" tags="autominer,desert,perkAdvancedEngineering" craft_tool="meleeToolPickT3Auger">
			<ingredient name="ammoGasCan" count="1000"/>
			<effect_group><passive_effect name="CraftingOutputCount" operation="perc_add" value="0.1" tags="autominer,recipetag,desert,perkAdvancedEngineering"/></effect_group>
		</recipe>
		<recipe name="resourceClayLump" count="750" craft_area="AutoMiner" craft_time="6660" tags="autominer,recipetag,perkAdvancedEngineering" craft_tool="meleeToolPickT3Auger">
			<ingredient name="ammoGasCan" count="1000"/>
			<effect_group><passive_effect name="CraftingOutputCount" operation="perc_add" value="0.1" tags="recipetag"/></effect_group>
		</recipe>
		<recipe name="resourceScrapBrass" count="750" craft_area="AutoMiner" craft_time="6660" tags="autominer,recipetag,perkAdvancedEngineering" craft_tool="meleeToolPickT3Auger">
			<ingredient name="ammoGasCan" count="1000"/>
			<effect_group><passive_effect name="CraftingOutputCount" operation="perc_add" value="0.1" tags="recipetag"/></effect_group>
		</recipe>
		<recipe name="resourceCoal" count="750" craft_area="AutoMiner" craft_time="6660" tags="autominer,recipetag,perkAdvancedEngineering" craft_tool="meleeToolPickT3Auger">
			<ingredient name="ammoGasCan" count="1000"/>
			<effect_group><passive_effect name="CraftingOutputCount" operation="perc_add" value="0.1" tags="recipetag"/></effect_group>
		</recipe>
		<recipe name="resourceScrapIron" count="750" craft_area="AutoMiner" craft_time="6660" tags="autominer,recipetag,perkAdvancedEngineering" craft_tool="meleeToolPickT3Auger">
			<ingredient name="ammoGasCan" count="1000"/>
			<effect_group><passive_effect name="CraftingOutputCount" operation="perc_add" value="0.1" tags="recipetag"/></effect_group>
		</recipe>
		<recipe name="resourceScrapLead" count="750" craft_area="AutoMiner" craft_time="6660" tags="autominer,recipetag,perkAdvancedEngineering" craft_tool="meleeToolPickT3Auger">
			<ingredient name="ammoGasCan" count="1000"/>
			<effect_group><passive_effect name="CraftingOutputCount" operation="perc_add" value="0.1" tags="recipetag"/></effect_group>
		</recipe>
		<recipe name="resourceRockSmall" count="750" craft_area="AutoMiner" craft_time="6660" tags="autominer,recipetag,perkAdvancedEngineering" craft_tool="meleeToolPickT3Auger">
			<ingredient name="ammoGasCan" count="1000"/>
			<effect_group><passive_effect name="CraftingOutputCount" operation="perc_add" value="0.1" tags="recipetag"/></effect_group>
		</recipe>
		<recipe name="resourcePotassiumNitratePowder" count="750" craft_time="6660" craft_area="AutoMiner" tags="autominer,recipetag,perkAdvancedEngineering" craft_tool="meleeToolPickT3Auger">
			<ingredient name="ammoGasCan" count="1000"/>
			<effect_group><passive_effect name="CraftingOutputCount" operation="perc_add" value="0.1" tags="autominer,recipetag,perkAdvancedEngineering"/></effect_group>
		</recipe>
		<recipe name="AutoMiner" count="1" craft_time="3669" craft_area="workbench" tags="perkAdvancedEngineering,learnable" >
			<ingredient name="smallEngine" count="13"/>
			<ingredient name="generatorbank" count="9"/>
			<ingredient name="gunBotRoboticsParts" count="33"/>
			<ingredient name="motionsensor" count="13"/>
			<ingredient name="resourceElectricParts" count="100"/>
			<effect_group>
				<passive_effect name="CraftingIngredientCount" level="0,5" operation="base_add" value="25" tags="resourceElectricParts"/>
				<passive_effect name="CraftingIngredientCount" level="1,5" operation="base_add" value="-15" tags="resourceElectricParts"/>
				<passive_effect name="CraftingIngredientCount" level="2,5" operation="base_add" value="-20" tags="resourceElectricParts"/>
				<passive_effect name="CraftingIngredientCount" level="3,5" operation="base_add" value="-9" tags="resourceElectricParts"/>
				<passive_effect name="CraftingIngredientCount" level="4,5" operation="base_add" value="-21" tags="resourceElectricParts"/>
				<passive_effect name="CraftingIngredientCount" level="4,5" operation="base_add" value="-3" tags="generatorbank"/>
				<passive_effect name="CraftingIngredientCount" level="4,5" operation="base_add" value="-2" tags="motionsensor,smallEngine"/>
				<passive_effect name="CraftingIngredientCount" level="4,5" operation="base_add" value="-5" tags="gunBotRoboticsParts"/>
				<passive_effect name="CraftingIngredientCount" level="5" operation="base_add" value="-4" tags="generatorbank"/>
				<passive_effect name="CraftingIngredientCount" level="5" operation="base_add" value="-3" tags="motionsensor,smallEngine"/>
				<passive_effect name="CraftingIngredientCount" level="5" operation="base_add" value="-13" tags="gunBotRoboticsParts"/>
				<passive_effect name="CraftingIngredientCount" level="5" operation="base_add" value="-27" tags="resourceElectricParts"/>
			</effect_group>
		</recipe>
	</append>
</configs>